date,consumption
7/1/14 0:00,10844
7/1/14 0:30,8127
7/1/14 1:00,6210
7/1/14 1:30,4656
7/1/14 2:00,3820
7/1/14 2:30,2873
7/1/14 3:00,2369
7/1/14 3:30,2064
7/1/14 4:00,2221
7/1/14 4:30,2158
7/1/14 5:00,2515
7/1/14 5:30,4364
7/1/14 6:00,6526
7/1/14 6:30,11039
7/1/14 7:00,13857
7/1/14 7:30,15865
7/1/14 8:00,17920
7/1/14 8:30,20346
7/1/14 9:00,19539
7/1/14 9:30,20107
7/1/14 10:00,18984
7/1/14 10:30,17720
7/1/14 11:00,17249
7/1/14 11:30,18463
7/1/14 12:00,18908
7/1/14 12:30,18886
7/1/14 13:00,18178
7/1/14 13:30,19459
7/1/14 14:00,19546
7/1/14 14:30,20591
7/1/14 15:00,19380
7/1/14 15:30,18544
7/1/14 16:00,16228
7/1/14 16:30,15013
7/1/14 17:00,17203
7/1/14 17:30,19525
7/1/14 18:00,22966
7/1/14 18:30,27598
7/1/14 19:00,26827
7/1/14 19:30,24904
7/1/14 20:00,22875
7/1/14 20:30,20394
7/1/14 21:00,23401
7/1/14 21:30,24439
7/1/14 22:00,23318
7/1/14 22:30,21733
7/1/14 23:00,20104
7/1/14 23:30,16111
7/2/14 0:00,13370
7/2/14 0:30,9945
7/2/14 1:00,7571
7/2/14 1:30,5917
7/2/14 2:00,4820
7/2/14 2:30,3634
7/2/14 3:00,2993
7/2/14 3:30,2535
7/2/14 4:00,2570
7/2/14 4:30,2485
7/2/14 5:00,2868
7/2/14 5:30,4482
7/2/14 6:00,6788
7/2/14 6:30,11078
7/2/14 7:00,13729
7/2/14 7:30,16700
7/2/14 8:00,19156
7/2/14 8:30,19953
7/2/14 9:00,19502
7/2/14 9:30,18994
7/2/14 10:00,17311
7/2/14 10:30,17904
7/2/14 11:00,17133
7/2/14 11:30,18589
7/2/14 12:00,19134
7/2/14 12:30,19259
7/2/14 13:00,18667
7/2/14 13:30,19078
7/2/14 14:00,18546
7/2/14 14:30,18593
7/2/14 15:00,17967
7/2/14 15:30,16624
7/2/14 16:00,14634
7/2/14 16:30,13888
7/2/14 17:00,17430
7/2/14 17:30,21919
7/2/14 18:00,23633
7/2/14 18:30,24512
7/2/14 19:00,24887
7/2/14 19:30,26872
7/2/14 20:00,22009
7/2/14 20:30,18259
7/2/14 21:00,20844
7/2/14 21:30,22576
7/2/14 22:00,22401
7/2/14 22:30,19056
7/2/14 23:00,17518
7/2/14 23:30,15307
7/3/14 0:00,12646
7/3/14 0:30,10562
7/3/14 1:00,8416
7/3/14 1:30,7098
7/3/14 2:00,5826
7/3/14 2:30,4383
7/3/14 3:00,3270
7/3/14 3:30,2948
7/3/14 4:00,3146
7/3/14 4:30,3077
7/3/14 5:00,3000
7/3/14 5:30,4592
7/3/14 6:00,6486
7/3/14 6:30,10113
7/3/14 7:00,12240
7/3/14 7:30,14574
7/3/14 8:00,16778
7/3/14 8:30,18910
7/3/14 9:00,18350
7/3/14 9:30,17218
7/3/14 10:00,16097
7/3/14 10:30,16409
7/3/14 11:00,15893
7/3/14 11:30,16778
7/3/14 12:00,17604
7/3/14 12:30,18665
7/3/14 13:00,19045
7/3/14 13:30,19261
7/3/14 14:00,19363
7/3/14 14:30,19078
7/3/14 15:00,18193
7/3/14 15:30,16635
7/3/14 16:00,14615
7/3/14 16:30,13759
7/3/14 17:00,17008
7/3/14 17:30,19595
7/3/14 18:00,21328
7/3/14 18:30,22661
7/3/14 19:00,29985
7/3/14 19:30,21501
7/3/14 20:00,22684
7/3/14 20:30,22188
7/3/14 21:00,22663
7/3/14 21:30,19573
7/3/14 22:00,17136
7/3/14 22:30,16606
7/3/14 23:00,16166
7/3/14 23:30,16020
7/4/14 0:00,15591
7/4/14 0:30,14395
7/4/14 1:00,12535
7/4/14 1:30,11341
7/4/14 2:00,9980
7/4/14 2:30,8404
7/4/14 3:00,7200
7/4/14 3:30,6578
7/4/14 4:00,5657
7/4/14 4:30,4474
7/4/14 5:00,3459
7/4/14 5:30,3276
7/4/14 6:00,3595
7/4/14 6:30,4240
7/4/14 7:00,4828
7/4/14 7:30,4926
7/4/14 8:00,5165
7/4/14 8:30,5776
7/4/14 9:00,7338
7/4/14 9:30,7839
7/4/14 10:00,8623
7/4/14 10:30,9731
7/4/14 11:00,11024
7/4/14 11:30,13231
7/4/14 12:00,13613
7/4/14 12:30,13737
7/4/14 13:00,15574
7/4/14 13:30,14226
7/4/14 14:00,18480
7/4/14 14:30,18265
7/4/14 15:00,16575
7/4/14 15:30,16417
7/4/14 16:00,14703
7/4/14 16:30,13469
7/4/14 17:00,12105
7/4/14 17:30,11676
7/4/14 18:00,15487
7/4/14 18:30,15077
7/4/14 19:00,14999
7/4/14 19:30,14487
7/4/14 20:00,14415
7/4/14 20:30,13796
7/4/14 21:00,14036
7/4/14 21:30,14021
7/4/14 22:00,15593
7/4/14 22:30,16589
7/4/14 23:00,17984
7/4/14 23:30,18035
7/5/14 0:00,17576
7/5/14 0:30,16189
7/5/14 1:00,14441
7/5/14 1:30,12535
7/5/14 2:00,11006
7/5/14 2:30,9151
7/5/14 3:00,8010
7/5/14 3:30,7096
7/5/14 4:00,6407
7/5/14 4:30,4421
7/5/14 5:00,3126
7/5/14 5:30,2514
7/5/14 6:00,2550
7/5/14 6:30,3148
7/5/14 7:00,3658
7/5/14 7:30,4345
7/5/14 8:00,4682
7/5/14 8:30,6248
7/5/14 9:00,7454
7/5/14 9:30,9010
7/5/14 10:00,10280
7/5/14 10:30,11488
7/5/14 11:00,11595
7/5/14 11:30,13098
7/5/14 12:00,12623
7/5/14 12:30,13031
7/5/14 13:00,13263
7/5/14 13:30,13349
7/5/14 14:00,13822
7/5/14 14:30,13716
7/5/14 15:00,13919
7/5/14 15:30,14203
7/5/14 16:00,13179
7/5/14 16:30,13708
7/5/14 17:00,13897
7/5/14 17:30,14740
7/5/14 18:00,14575
7/5/14 18:30,16085
7/5/14 19:00,18182
7/5/14 19:30,16861
7/5/14 20:00,14140
7/5/14 20:30,14477
7/5/14 21:00,15293
7/5/14 21:30,15457
7/5/14 22:00,16048
7/5/14 22:30,17477
7/5/14 23:00,16391
7/5/14 23:30,17006
7/6/14 0:00,15427
7/6/14 0:30,14615
7/6/14 1:00,13124
7/6/14 1:30,12222
7/6/14 2:00,11134
7/6/14 2:30,9145
7/6/14 3:00,8624
7/6/14 3:30,7885
7/6/14 4:00,7167
7/6/14 4:30,4805
7/6/14 5:00,3103
7/6/14 5:30,2671
7/6/14 6:00,2510
7/6/14 6:30,2917
7/6/14 7:00,3189
7/6/14 7:30,4107
7/6/14 8:00,4122
7/6/14 8:30,5654
7/6/14 9:00,6360
7/6/14 9:30,8406
7/6/14 10:00,9372
7/6/14 10:30,11067
7/6/14 11:00,11595
7/6/14 11:30,12909
7/6/14 12:00,13715
7/6/14 12:30,13648
7/6/14 13:00,14296
7/6/14 13:30,14798
7/6/14 14:00,15473
7/6/14 14:30,16032
7/6/14 15:00,14661
7/6/14 15:30,14836
7/6/14 16:00,13700
7/6/14 16:30,14565
7/6/14 17:00,15392
7/6/14 17:30,16866
7/6/14 18:00,16893
7/6/14 18:30,16877
7/6/14 19:00,17025
7/6/14 19:30,15884
7/6/14 20:00,14487
7/6/14 20:30,14159
7/6/14 21:00,16135
7/6/14 21:30,16165
7/6/14 22:00,14025
7/6/14 22:30,13970
7/6/14 23:00,13198
7/6/14 23:30,11355
7/7/14 0:00,8675
7/7/14 0:30,7180
7/7/14 1:00,5178
7/7/14 1:30,3658
7/7/14 2:00,3181
7/7/14 2:30,2402
7/7/14 3:00,1944
7/7/14 3:30,1877
7/7/14 4:00,2257
7/7/14 4:30,2280
7/7/14 5:00,2575
7/7/14 5:30,4174
7/7/14 6:00,6346
7/7/14 6:30,10594
7/7/14 7:00,12632
7/7/14 7:30,14893
7/7/14 8:00,16470
7/7/14 8:30,18998
7/7/14 9:00,17792
7/7/14 9:30,16396
7/7/14 10:00,14128
7/7/14 10:30,14161
7/7/14 11:00,14154
7/7/14 11:30,15074
7/7/14 12:00,15188
7/7/14 12:30,15483
7/7/14 13:00,15338
7/7/14 13:30,16242
7/7/14 14:00,16579
7/7/14 14:30,16885
7/7/14 15:00,16824
7/7/14 15:30,16238
7/7/14 16:00,15702
7/7/14 16:30,15132
7/7/14 17:00,17500
7/7/14 17:30,19167
7/7/14 18:00,21398
7/7/14 18:30,22382
7/7/14 19:00,22270
7/7/14 19:30,20575
7/7/14 20:00,18824
7/7/14 20:30,17909
7/7/14 21:00,19707
7/7/14 21:30,19066
7/7/14 22:00,17755
7/7/14 22:30,16583
7/7/14 23:00,14955
7/7/14 23:30,11849
7/8/14 0:00,9292
7/8/14 0:30,8110
7/8/14 1:00,7352
7/8/14 1:30,5049
7/8/14 2:00,3451
7/8/14 2:30,2465
7/8/14 3:00,2125
7/8/14 3:30,1877
7/8/14 4:00,2069
7/8/14 4:30,2080
7/8/14 5:00,2375
7/8/14 5:30,4303
7/8/14 6:00,6537
7/8/14 6:30,11331
7/8/14 7:00,13565
7/8/14 7:30,16455
7/8/14 8:00,18310
7/8/14 8:30,20288
7/8/14 9:00,19564
7/8/14 9:30,19380
7/8/14 10:00,16507
7/8/14 10:30,16939
7/8/14 11:00,16113
7/8/14 11:30,17537
7/8/14 12:00,18120
7/8/14 12:30,18038
7/8/14 13:00,17870
7/8/14 13:30,18427
7/8/14 14:00,18971
7/8/14 14:30,19071
7/8/14 15:00,18646
7/8/14 15:30,18229
7/8/14 16:00,15977
7/8/14 16:30,15026
7/8/14 17:00,17398
7/8/14 17:30,20865
7/8/14 18:00,23875
7/8/14 18:30,25290
7/8/14 19:00,25510
7/8/14 19:30,24535
7/8/14 20:00,21922
7/8/14 20:30,20113
7/8/14 21:00,22079
7/8/14 21:30,23111
7/8/14 22:00,25209
7/8/14 22:30,21978
7/8/14 23:00,18320
7/8/14 23:30,14881
7/9/14 0:00,12053
7/9/14 0:30,9409
7/9/14 1:00,7740
7/9/14 1:30,5528
7/9/14 2:00,4667
7/9/14 2:30,3242
7/9/14 3:00,2678
7/9/14 3:30,2370
7/9/14 4:00,2475
7/9/14 4:30,2304
7/9/14 5:00,2491
7/9/14 5:30,4117
7/9/14 6:00,6435
7/9/14 6:30,11067
7/9/14 7:00,13384
7/9/14 7:30,17194
7/9/14 8:00,18510
7/9/14 8:30,20464
7/9/14 9:00,19777
7/9/14 9:30,18928
7/9/14 10:00,17243
7/9/14 10:30,17490
7/9/14 11:00,16558
7/9/14 11:30,17830
7/9/14 12:00,18203
7/9/14 12:30,18126
7/9/14 13:00,18122
7/9/14 13:30,18488
7/9/14 14:00,18487
7/9/14 14:30,18542
7/9/14 15:00,18240
7/9/14 15:30,17393
7/9/14 16:00,15175
7/9/14 16:30,15360
7/9/14 17:00,17103
7/9/14 17:30,19561
7/9/14 18:00,22262
7/9/14 18:30,24725
7/9/14 19:00,25995
7/9/14 19:30,26319
7/9/14 20:00,24995
7/9/14 20:30,20534
7/9/14 21:00,23458
7/9/14 21:30,24681
7/9/14 22:00,23955
7/9/14 22:30,23655
7/9/14 23:00,21896
7/9/14 23:30,19338
7/10/14 0:00,15185
7/10/14 0:30,11459
7/10/14 1:00,8847
7/10/14 1:30,6580
7/10/14 2:00,5247
7/10/14 2:30,4127
7/10/14 3:00,3440
7/10/14 3:30,2957
7/10/14 4:00,2779
7/10/14 4:30,2532
7/10/14 5:00,2718
7/10/14 5:30,4449
7/10/14 6:00,6601
7/10/14 6:30,11202
7/10/14 7:00,13934
7/10/14 7:30,17176
7/10/14 8:00,19057
7/10/14 8:30,21112
7/10/14 9:00,19882
7/10/14 9:30,19024
7/10/14 10:00,16989
7/10/14 10:30,16979
7/10/14 11:00,16381
7/10/14 11:30,17815
7/10/14 12:00,18029
7/10/14 12:30,17495
7/10/14 13:00,17075
7/10/14 13:30,18234
7/10/14 14:00,18091
7/10/14 14:30,18495
7/10/14 15:00,17523
7/10/14 15:30,16714
7/10/14 16:00,14735
7/10/14 16:30,13610
7/10/14 17:00,16290
7/10/14 17:30,19152
7/10/14 18:00,21865
7/10/14 18:30,24347
7/10/14 19:00,26186
7/10/14 19:30,25852
7/10/14 20:00,23995
7/10/14 20:30,21664
7/10/14 21:00,25027
7/10/14 21:30,25431
7/10/14 22:00,25643
7/10/14 22:30,24654
7/10/14 23:00,23154
7/10/14 23:30,21863
7/11/14 0:00,20051
7/11/14 0:30,16122
7/11/14 1:00,13107
7/11/14 1:30,10506
7/11/14 2:00,8444
7/11/14 2:30,6876
7/11/14 3:00,5375
7/11/14 3:30,4366
7/11/14 4:00,4183
7/11/14 4:30,3249
7/11/14 5:00,3134
7/11/14 5:30,4620
7/11/14 6:00,6725
7/11/14 6:30,10651
7/11/14 7:00,12952
7/11/14 7:30,15808
7/11/14 8:00,17565
7/11/14 8:30,19784
7/11/14 9:00,19699
7/11/14 9:30,18663
7/11/14 10:00,16509
7/11/14 10:30,16600
7/11/14 11:00,15636
7/11/14 11:30,17434
7/11/14 12:00,17668
7/11/14 12:30,17124
7/11/14 13:00,17124
7/11/14 13:30,17489
7/11/14 14:00,18371
7/11/14 14:30,18381
7/11/14 15:00,17898
7/11/14 15:30,16350
7/11/14 16:00,14688
7/11/14 16:30,14227
7/11/14 17:00,16924
7/11/14 17:30,19952
7/11/14 18:00,22665
7/11/14 18:30,23465
7/11/14 19:00,25111
7/11/14 19:30,23984
7/11/14 20:00,21701
7/11/14 20:30,20592
7/11/14 21:00,22630
7/11/14 21:30,22854
7/11/14 22:00,23892
7/11/14 22:30,24959
7/11/14 23:00,26039
7/11/14 23:30,26873
7/12/14 0:00,25871
7/12/14 0:30,24874
7/12/14 1:00,23243
7/12/14 1:30,21674
7/12/14 2:00,19221
7/12/14 2:30,16140
7/12/14 3:00,13371
7/12/14 3:30,12041
7/12/14 4:00,10301
7/12/14 4:30,6472
7/12/14 5:00,4507
7/12/14 5:30,3682
7/12/14 6:00,3422
7/12/14 6:30,4554
7/12/14 7:00,5347
7/12/14 7:30,6853
7/12/14 8:00,7107
7/12/14 8:30,9463
7/12/14 9:00,11022
7/12/14 9:30,13393
7/12/14 10:00,13567
7/12/14 10:30,15452
7/12/14 11:00,15525
7/12/14 11:30,17165
7/12/14 12:00,17263
7/12/14 12:30,18418
7/12/14 13:00,18578
7/12/14 13:30,18762
7/12/14 14:00,18076
7/12/14 14:30,18604
7/12/14 15:00,18580
7/12/14 15:30,19306
7/12/14 16:00,18140
7/12/14 16:30,17455
7/12/14 17:00,18980
7/12/14 17:30,21152
7/12/14 18:00,22483
7/12/14 18:30,22534
7/12/14 19:00,22801
7/12/14 19:30,22117
7/12/14 20:00,19864
7/12/14 20:30,19494
7/12/14 21:00,20607
7/12/14 21:30,20627
7/12/14 22:00,21706
7/12/14 22:30,24243
7/12/14 23:00,25204
7/12/14 23:30,25752
7/13/14 0:00,25792
7/13/14 0:30,25033
7/13/14 1:00,23935
7/13/14 1:30,21440
7/13/14 2:00,19468
7/13/14 2:30,16622
7/13/14 3:00,14485
7/13/14 3:30,12974
7/13/14 4:00,11191
7/13/14 4:30,6911
7/13/14 5:00,4410
7/13/14 5:30,3467
7/13/14 6:00,3429
7/13/14 6:30,3599
7/13/14 7:00,3575
7/13/14 7:30,4557
7/13/14 8:00,5243
7/13/14 8:30,6588
7/13/14 9:00,8009
7/13/14 9:30,10743
7/13/14 10:00,13524
7/13/14 10:30,16179
7/13/14 11:00,14905
7/13/14 11:30,16916
7/13/14 12:00,17082
7/13/14 12:30,18606
7/13/14 13:00,18935
7/13/14 13:30,20175
7/13/14 14:00,22219
7/13/14 14:30,22868
7/13/14 15:00,20375
7/13/14 15:30,18489
7/13/14 16:00,16187
7/13/14 16:30,14015
7/13/14 17:00,14261
7/13/14 17:30,20081
7/13/14 18:00,21503
7/13/14 18:30,19850
7/13/14 19:00,18383
7/13/14 19:30,17640
7/13/14 20:00,16225
7/13/14 20:30,15566
7/13/14 21:00,17088
7/13/14 21:30,16968
7/13/14 22:00,15271
7/13/14 22:30,14141
7/13/14 23:00,12851
7/13/14 23:30,13877
7/14/14 0:00,12484
7/14/14 0:30,9037
7/14/14 1:00,7393
7/14/14 1:30,5176
7/14/14 2:00,3479
7/14/14 2:30,2755
7/14/14 3:00,2027
7/14/14 3:30,1769
7/14/14 4:00,2091
7/14/14 4:30,2553
7/14/14 5:00,2853
7/14/14 5:30,4835
7/14/14 6:00,6603
7/14/14 6:30,11230
7/14/14 7:00,13395
7/14/14 7:30,15650
7/14/14 8:00,17601
7/14/14 8:30,18818
7/14/14 9:00,18515
7/14/14 9:30,16972
7/14/14 10:00,15316
7/14/14 10:30,16003
7/14/14 11:00,14818
7/14/14 11:30,15610
7/14/14 12:00,16536
7/14/14 12:30,16153
7/14/14 13:00,15548
7/14/14 13:30,16500
7/14/14 14:00,16726
7/14/14 14:30,16838
7/14/14 15:00,16550
7/14/14 15:30,16621
7/14/14 16:00,15657
7/14/14 16:30,15334
7/14/14 17:00,17584
7/14/14 17:30,20903
7/14/14 18:00,21968
7/14/14 18:30,26945
7/14/14 19:00,24416
7/14/14 19:30,22401
7/14/14 20:00,23549
7/14/14 20:30,21498
7/14/14 21:00,23114
7/14/14 21:30,23341
7/14/14 22:00,22141
7/14/14 22:30,19110
7/14/14 23:00,16682
7/14/14 23:30,12631
7/15/14 0:00,10089
7/15/14 0:30,8553
7/15/14 1:00,6416
7/15/14 1:30,4694
7/15/14 2:00,3933
7/15/14 2:30,2833
7/15/14 3:00,2089
7/15/14 3:30,1896
7/15/14 4:00,2055
7/15/14 4:30,2031
7/15/14 5:00,2449
7/15/14 5:30,4360
7/15/14 6:00,7036
7/15/14 6:30,11730
7/15/14 7:00,14387
7/15/14 7:30,17505
7/15/14 8:00,19091
7/15/14 8:30,21057
7/15/14 9:00,20050
7/15/14 9:30,18637
7/15/14 10:00,17555
7/15/14 10:30,17595
7/15/14 11:00,16312
7/15/14 11:30,18232
7/15/14 12:00,18446
7/15/14 12:30,18204
7/15/14 13:00,17607
7/15/14 13:30,18945
7/15/14 14:00,22208
7/15/14 14:30,21574
7/15/14 15:00,17299
7/15/14 15:30,15515
7/15/14 16:00,13246
7/15/14 16:30,12328
7/15/14 17:00,15342
7/15/14 17:30,18730
7/15/14 18:00,23412
7/15/14 18:30,26340
7/15/14 19:00,27167
7/15/14 19:30,26279
7/15/14 20:00,23392
7/15/14 20:30,21571
7/15/14 21:00,23477
7/15/14 21:30,22612
7/15/14 22:00,21389
7/15/14 22:30,19575
7/15/14 23:00,18165
7/15/14 23:30,14923
7/16/14 0:00,11815
7/16/14 0:30,9024
7/16/14 1:00,7363
7/16/14 1:30,5812
7/16/14 2:00,4559
7/16/14 2:30,3673
7/16/14 3:00,2830
7/16/14 3:30,2374
7/16/14 4:00,2556
7/16/14 4:30,2456
7/16/14 5:00,2486
7/16/14 5:30,4451
7/16/14 6:00,6723
7/16/14 6:30,12501
7/16/14 7:00,14763
7/16/14 7:30,18127
7/16/14 8:00,20393
7/16/14 8:30,20753
7/16/14 9:00,20124
7/16/14 9:30,19253
7/16/14 10:00,17981
7/16/14 10:30,17720
7/16/14 11:00,16525
7/16/14 11:30,18153
7/16/14 12:00,18558
7/16/14 12:30,17652
7/16/14 13:00,17292
7/16/14 13:30,17551
7/16/14 14:00,17951
7/16/14 14:30,17909
7/16/14 15:00,17442
7/16/14 15:30,16533
7/16/14 16:00,14776
7/16/14 16:30,13462
7/16/14 17:00,16363
7/16/14 17:30,19310
7/16/14 18:00,22346
7/16/14 18:30,24408
7/16/14 19:00,26225
7/16/14 19:30,25423
7/16/14 20:00,23811
7/16/14 20:30,22028
7/16/14 21:00,24290
7/16/14 21:30,24835
7/16/14 22:00,24269
7/16/14 22:30,23526
7/16/14 23:00,21968
7/16/14 23:30,20137
7/17/14 0:00,16928
7/17/14 0:30,12753
7/17/14 1:00,10087
7/17/14 1:30,7881
7/17/14 2:00,6006
7/17/14 2:30,4382
7/17/14 3:00,3676
7/17/14 3:30,3214
7/17/14 4:00,3205
7/17/14 4:30,2849
7/17/14 5:00,2887
7/17/14 5:30,5039
7/17/14 6:00,7132
7/17/14 6:30,12095
7/17/14 7:00,14558
7/17/14 7:30,17298
7/17/14 8:00,19124
7/17/14 8:30,20407
7/17/14 9:00,19379
7/17/14 9:30,18867
7/17/14 10:00,17662
7/17/14 10:30,17447
7/17/14 11:00,16579
7/17/14 11:30,18340
7/17/14 12:00,18760
7/17/14 12:30,18457
7/17/14 13:00,17608
7/17/14 13:30,18913
7/17/14 14:00,19122
7/17/14 14:30,19547
7/17/14 15:00,17267
7/17/14 15:30,15916
7/17/14 16:00,13836
7/17/14 16:30,11985
7/17/14 17:00,14313
7/17/14 17:30,17988
7/17/14 18:00,21181
7/17/14 18:30,23539
7/17/14 19:00,24714
7/17/14 19:30,25079
7/17/14 20:00,23032
7/17/14 20:30,21168
7/17/14 21:00,25514
7/17/14 21:30,26286
7/17/14 22:00,25650
7/17/14 22:30,24850
7/17/14 23:00,23869
7/17/14 23:30,22913
7/18/14 0:00,20850
7/18/14 0:30,16734
7/18/14 1:00,14106
7/18/14 1:30,11587
7/18/14 2:00,8951
7/18/14 2:30,7199
7/18/14 3:00,6051
7/18/14 3:30,4693
7/18/14 4:00,4507
7/18/14 4:30,3791
7/18/14 5:00,3586
7/18/14 5:30,4918
7/18/14 6:00,7039
7/18/14 6:30,11262
7/18/14 7:00,13725
7/18/14 7:30,15899
7/18/14 8:00,17329
7/18/14 8:30,19757
7/18/14 9:00,19341
7/18/14 9:30,17660
7/18/14 10:00,16532
7/18/14 10:30,16354
7/18/14 11:00,16054
7/18/14 11:30,17326
7/18/14 12:00,17463
7/18/14 12:30,17091
7/18/14 13:00,16668
7/18/14 13:30,17096
7/18/14 14:00,17811
7/18/14 14:30,17980
7/18/14 15:00,17080
7/18/14 15:30,15185
7/18/14 16:00,13538
7/18/14 16:30,12704
7/18/14 17:00,15019
7/18/14 17:30,18778
7/18/14 18:00,21583
7/18/14 18:30,23834
7/18/14 19:00,25123
7/18/14 19:30,24762
7/18/14 20:00,22761
7/18/14 20:30,22227
7/18/14 21:00,23985
7/18/14 21:30,23788
7/18/14 22:00,23855
7/18/14 22:30,26040
7/18/14 23:00,25863
7/18/14 23:30,25851
7/19/14 0:00,26100
7/19/14 0:30,24625
7/19/14 1:00,22657
7/19/14 1:30,20289
7/19/14 2:00,18524
7/19/14 2:30,15943
7/19/14 3:00,13179
7/19/14 3:30,12423
7/19/14 4:00,10478
7/19/14 4:30,6556
7/19/14 5:00,4561
7/19/14 5:30,3513
7/19/14 6:00,3607
7/19/14 6:30,4781
7/19/14 7:00,5423
7/19/14 7:30,6669
7/19/14 8:00,7064
7/19/14 8:30,9363
7/19/14 9:00,10874
7/19/14 9:30,13255
7/19/14 10:00,13164
7/19/14 10:30,15159
7/19/14 11:00,16030
7/19/14 11:30,18256
7/19/14 12:00,17751
7/19/14 12:30,17675
7/19/14 13:00,18557
7/19/14 13:30,18389
7/19/14 14:00,17538
7/19/14 14:30,17506
7/19/14 15:00,17580
7/19/14 15:30,18027
7/19/14 16:00,16959
7/19/14 16:30,17066
7/19/14 17:00,18155
7/19/14 17:30,20610
7/19/14 18:00,20793
7/19/14 18:30,21584
7/19/14 19:00,23493
7/19/14 19:30,22555
7/19/14 20:00,20183
7/19/14 20:30,20441
7/19/14 21:00,21555
7/19/14 21:30,22406
7/19/14 22:00,22512
7/19/14 22:30,24667
7/19/14 23:00,25424
7/19/14 23:30,25852
7/20/14 0:00,25137
7/20/14 0:30,24099
7/20/14 1:00,23058
7/20/14 1:30,20786
7/20/14 2:00,19217
7/20/14 2:30,16329
7/20/14 3:00,14293
7/20/14 3:30,13193
7/20/14 4:00,11166
7/20/14 4:30,7518
7/20/14 5:00,4877
7/20/14 5:30,3639
7/20/14 6:00,3412
7/20/14 6:30,3827
7/20/14 7:00,3922
7/20/14 7:30,5241
7/20/14 8:00,5601
7/20/14 8:30,7147
7/20/14 9:00,8425
7/20/14 9:30,10951
7/20/14 10:00,11800
7/20/14 10:30,13936
7/20/14 11:00,14835
7/20/14 11:30,16412
7/20/14 12:00,16763
7/20/14 12:30,17613
7/20/14 13:00,17439
7/20/14 13:30,17921
7/20/14 14:00,18605
7/20/14 14:30,18113
7/20/14 15:00,17579
7/20/14 15:30,16927
7/20/14 16:00,16526
7/20/14 16:30,16956
7/20/14 17:00,17381
7/20/14 17:30,19232
7/20/14 18:00,19127
7/20/14 18:30,19404
7/20/14 19:00,18812
7/20/14 19:30,18253
7/20/14 20:00,16497
7/20/14 20:30,16681
7/20/14 21:00,17334
7/20/14 21:30,17674
7/20/14 22:00,16469
7/20/14 22:30,15128
7/20/14 23:00,13973
7/20/14 23:30,12040
7/21/14 0:00,9494
7/21/14 0:30,6963
7/21/14 1:00,5611
7/21/14 1:30,4140
7/21/14 2:00,3370
7/21/14 2:30,2625
7/21/14 3:00,2093
7/21/14 3:30,1854
7/21/14 4:00,2482
7/21/14 4:30,2529
7/21/14 5:00,2968
7/21/14 5:30,4540
7/21/14 6:00,6868
7/21/14 6:30,10765
7/21/14 7:00,13095
7/21/14 7:30,15651
7/21/14 8:00,17427
7/21/14 8:30,18637
7/21/14 9:00,18614
7/21/14 9:30,17187
7/21/14 10:00,15281
7/21/14 10:30,15505
7/21/14 11:00,15168
7/21/14 11:30,15813
7/21/14 12:00,15979
7/21/14 12:30,16314
7/21/14 13:00,16002
7/21/14 13:30,16845
7/21/14 14:00,17009
7/21/14 14:30,17302
7/21/14 15:00,16649
7/21/14 15:30,16857
7/21/14 16:00,15733
7/21/14 16:30,15537
7/21/14 17:00,17362
7/21/14 17:30,19639
7/21/14 18:00,22891
7/21/14 18:30,22920
7/21/14 19:00,22941
7/21/14 19:30,21849
7/21/14 20:00,20483
7/21/14 20:30,18868
7/21/14 21:00,20235
7/21/14 21:30,20658
7/21/14 22:00,20751
7/21/14 22:30,18642
7/21/14 23:00,16106
7/21/14 23:30,13303
7/22/14 0:00,10611
7/22/14 0:30,8009
7/22/14 1:00,6210
7/22/14 1:30,4830
7/22/14 2:00,3753
7/22/14 2:30,2962
7/22/14 3:00,2379
7/22/14 3:30,2114
7/22/14 4:00,2232
7/22/14 4:30,2090
7/22/14 5:00,2532
7/22/14 5:30,4492
7/22/14 6:00,6830
7/22/14 6:30,11269
7/22/14 7:00,13635
7/22/14 7:30,16356
7/22/14 8:00,18449
7/22/14 8:30,20054
7/22/14 9:00,19462
7/22/14 9:30,19016
7/22/14 10:00,17349
7/22/14 10:30,17684
7/22/14 11:00,17412
7/22/14 11:30,17854
7/22/14 12:00,18649
7/22/14 12:30,19970
7/22/14 13:00,19168
7/22/14 13:30,19270
7/22/14 14:00,19463
7/22/14 14:30,18999
7/22/14 15:00,17998
7/22/14 15:30,17209
7/22/14 16:00,15581
7/22/14 16:30,14846
7/22/14 17:00,17832
7/22/14 17:30,21545
7/22/14 18:00,24769
7/22/14 18:30,25573
7/22/14 19:00,26243
7/22/14 19:30,25057
7/22/14 20:00,23381
7/22/14 20:30,22148
7/22/14 21:00,24590
7/22/14 21:30,24168
7/22/14 22:00,23364
7/22/14 22:30,23272
7/22/14 23:00,19939
7/22/14 23:30,17316
7/23/14 0:00,13369
7/23/14 0:30,10390
7/23/14 1:00,7994
7/23/14 1:30,5889
7/23/14 2:00,4711
7/23/14 2:30,3757
7/23/14 3:00,3066
7/23/14 3:30,2647
7/23/14 4:00,2645
7/23/14 4:30,2411
7/23/14 5:00,2600
7/23/14 5:30,4483
7/23/14 6:00,6956
7/23/14 6:30,11788
7/23/14 7:00,14098
7/23/14 7:30,17141
7/23/14 8:00,19124
7/23/14 8:30,20604
7/23/14 9:00,20114
7/23/14 9:30,19641
7/23/14 10:00,18423
7/23/14 10:30,18480
7/23/14 11:00,18318
7/23/14 11:30,19378
7/23/14 12:00,19585
7/23/14 12:30,19614
7/23/14 13:00,19295
7/23/14 13:30,19850
7/23/14 14:00,20120
7/23/14 14:30,19621
7/23/14 15:00,18809
7/23/14 15:30,17731
7/23/14 16:00,15483
7/23/14 16:30,15112
7/23/14 17:00,18183
7/23/14 17:30,21187
7/23/14 18:00,24034
7/23/14 18:30,25411
7/23/14 19:00,26528
7/23/14 19:30,26022
7/23/14 20:00,23253
7/23/14 20:30,25665
7/23/14 21:00,26600
7/23/14 21:30,24757
7/23/14 22:00,24337
7/23/14 22:30,24294
7/23/14 23:00,22087
7/23/14 23:30,19064
7/24/14 0:00,15542
7/24/14 0:30,12026
7/24/14 1:00,8678
7/24/14 1:30,7042
7/24/14 2:00,5355
7/24/14 2:30,4129
7/24/14 3:00,3109
7/24/14 3:30,2534
7/24/14 4:00,2788
7/24/14 4:30,2507
7/24/14 5:00,2671
7/24/14 5:30,4445
7/24/14 6:00,7163
7/24/14 6:30,11942
7/24/14 7:00,14544
7/24/14 7:30,17435
7/24/14 8:00,19254
7/24/14 8:30,20518
7/24/14 9:00,20003
7/24/14 9:30,19642
7/24/14 10:00,17626
7/24/14 10:30,18194
7/24/14 11:00,16975
7/24/14 11:30,18125
7/24/14 12:00,18555
7/24/14 12:30,18356
7/24/14 13:00,17683
7/24/14 13:30,18298
7/24/14 14:00,18613
7/24/14 14:30,18548
7/24/14 15:00,17742
7/24/14 15:30,16312
7/24/14 16:00,14782
7/24/14 16:30,13614
7/24/14 17:00,16220
7/24/14 17:30,18901
7/24/14 18:00,21794
7/24/14 18:30,23933
7/24/14 19:00,25474
7/24/14 19:30,24985
7/24/14 20:00,22877
7/24/14 20:30,22518
7/24/14 21:00,25246
7/24/14 21:30,25871
7/24/14 22:00,25324
7/24/14 22:30,25738
7/24/14 23:00,24763
7/24/14 23:30,23158
7/25/14 0:00,20525
7/25/14 0:30,17608
7/25/14 1:00,14436
7/25/14 1:30,11145
7/25/14 2:00,8915
7/25/14 2:30,7244
7/25/14 3:00,5856
7/25/14 3:30,4953
7/25/14 4:00,4546
7/25/14 4:30,3589
7/25/14 5:00,3516
7/25/14 5:30,5087
7/25/14 6:00,7102
7/25/14 6:30,10887
7/25/14 7:00,12988
7/25/14 7:30,15831
7/25/14 8:00,17326
7/25/14 8:30,19179
7/25/14 9:00,18805
7/25/14 9:30,17730
7/25/14 10:00,16439
7/25/14 10:30,16401
7/25/14 11:00,16240
7/25/14 11:30,17487
7/25/14 12:00,17622
7/25/14 12:30,17313
7/25/14 13:00,16647
7/25/14 13:30,16627
7/25/14 14:00,17646
7/25/14 14:30,17694
7/25/14 15:00,17661
7/25/14 15:30,15842
7/25/14 16:00,14950
7/25/14 16:30,13473
7/25/14 17:00,16633
7/25/14 17:30,19501
7/25/14 18:00,22009
7/25/14 18:30,23891
7/25/14 19:00,25196
7/25/14 19:30,24427
7/25/14 20:00,22357
7/25/14 20:30,22460
7/25/14 21:00,24066
7/25/14 21:30,23690
7/25/14 22:00,24491
7/25/14 22:30,25737
7/25/14 23:00,26688
7/25/14 23:30,26230
7/26/14 0:00,26300
7/26/14 0:30,24337
7/26/14 1:00,23124
7/26/14 1:30,20675
7/26/14 2:00,18663
7/26/14 2:30,15997
7/26/14 3:00,13405
7/26/14 3:30,11921
7/26/14 4:00,10203
7/26/14 4:30,6543
7/26/14 5:00,4719
7/26/14 5:30,3853
7/26/14 6:00,4116
7/26/14 6:30,5274
7/26/14 7:00,5331
7/26/14 7:30,6830
7/26/14 8:00,7303
7/26/14 8:30,9704
7/26/14 9:00,11209
7/26/14 9:30,13874
7/26/14 10:00,14548
7/26/14 10:30,16204
7/26/14 11:00,16938
7/26/14 11:30,18696
7/26/14 12:00,17585
7/26/14 12:30,18538
7/26/14 13:00,18206
7/26/14 13:30,17532
7/26/14 14:00,17657
7/26/14 14:30,17943
7/26/14 15:00,17698
7/26/14 15:30,18074
7/26/14 16:00,16920
7/26/14 16:30,18262
7/26/14 17:00,19013
7/26/14 17:30,19902
7/26/14 18:00,20449
7/26/14 18:30,22190
7/26/14 19:00,23099
7/26/14 19:30,22128
7/26/14 20:00,20110
7/26/14 20:30,20261
7/26/14 21:00,22299
7/26/14 21:30,21886
7/26/14 22:00,22600
7/26/14 22:30,24667
7/26/14 23:00,25662
7/26/14 23:30,25832
7/27/14 0:00,25659
7/27/14 0:30,24748
7/27/14 1:00,22552
7/27/14 1:30,20712
7/27/14 2:00,19122
7/27/14 2:30,16777
7/27/14 3:00,14475
7/27/14 3:30,12720
7/27/14 4:00,11239
7/27/14 4:30,7087
7/27/14 5:00,4896
7/27/14 5:30,3818
7/27/14 6:00,3449
7/27/14 6:30,3883
7/27/14 7:00,3810
7/27/14 7:30,5059
7/27/14 8:00,5476
7/27/14 8:30,7083
7/27/14 9:00,8153
7/27/14 9:30,10647
7/27/14 10:00,11873
7/27/14 10:30,14193
7/27/14 11:00,14938
7/27/14 11:30,16488
7/27/14 12:00,16996
7/27/14 12:30,17381
7/27/14 13:00,18173
7/27/14 13:30,17651
7/27/14 14:00,18698
7/27/14 14:30,18260
7/27/14 15:00,18181
7/27/14 15:30,17413
7/27/14 16:00,17230
7/27/14 16:30,18275
7/27/14 17:00,18883
7/27/14 17:30,19851
7/27/14 18:00,19673
7/27/14 18:30,20508
7/27/14 19:00,19557
7/27/14 19:30,18268
7/27/14 20:00,16615
7/27/14 20:30,16969
7/27/14 21:00,18252
7/27/14 21:30,16920
7/27/14 22:00,16356
7/27/14 22:30,15567
7/27/14 23:00,14278
7/27/14 23:30,12786
7/28/14 0:00,10323
7/28/14 0:30,7645
7/28/14 1:00,6791
7/28/14 1:30,5394
7/28/14 2:00,3694
7/28/14 2:30,2713
7/28/14 3:00,2376
7/28/14 3:30,2146
7/28/14 4:00,2250
7/28/14 4:30,2370
7/28/14 5:00,2906
7/28/14 5:30,4477
7/28/14 6:00,6446
7/28/14 6:30,9332
7/28/14 7:00,10577
7/28/14 7:30,11765
7/28/14 8:00,13452
7/28/14 8:30,14290
7/28/14 9:00,15239
7/28/14 9:30,14926
7/28/14 10:00,14475
7/28/14 10:30,14435
7/28/14 11:00,14103
7/28/14 11:30,15124
7/28/14 12:00,15376
7/28/14 12:30,15758
7/28/14 13:00,14653
7/28/14 13:30,15786
7/28/14 14:00,15554
7/28/14 14:30,16332
7/28/14 15:00,15602
7/28/14 15:30,14931
7/28/14 16:00,13817
7/28/14 16:30,13611
7/28/14 17:00,14678
7/28/14 17:30,16669
7/28/14 18:00,18171
7/28/14 18:30,20033
7/28/14 19:00,20467
7/28/14 19:30,20263
7/28/14 20:00,18901
7/28/14 20:30,18249
7/28/14 21:00,18421
7/28/14 21:30,17932
7/28/14 22:00,17568
7/28/14 22:30,16656
7/28/14 23:00,15574
7/28/14 23:30,13310
7/29/14 0:00,10468
7/29/14 0:30,7932
7/29/14 1:00,6080
7/29/14 1:30,4735
7/29/14 2:00,3834
7/29/14 2:30,2746
7/29/14 3:00,2244
7/29/14 3:30,1940
7/29/14 4:00,2066
7/29/14 4:30,2046
7/29/14 5:00,2295
7/29/14 5:30,4533
7/29/14 6:00,6655
7/29/14 6:30,11415
7/29/14 7:00,13863
7/29/14 7:30,15517
7/29/14 8:00,17106
7/29/14 8:30,18521
7/29/14 9:00,18016
7/29/14 9:30,17448
7/29/14 10:00,16131
7/29/14 10:30,16534
7/29/14 11:00,15744
7/29/14 11:30,17039
7/29/14 12:00,17357
7/29/14 12:30,16841
7/29/14 13:00,16797
7/29/14 13:30,17226
7/29/14 14:00,17550
7/29/14 14:30,17336
7/29/14 15:00,17343
7/29/14 15:30,16601
7/29/14 16:00,15090
7/29/14 16:30,14130
7/29/14 17:00,16356
7/29/14 17:30,19357
7/29/14 18:00,22313
7/29/14 18:30,23636
7/29/14 19:00,24822
7/29/14 19:30,24550
7/29/14 20:00,22761
7/29/14 20:30,23119
7/29/14 21:00,23658
7/29/14 21:30,23853
7/29/14 22:00,22995
7/29/14 22:30,21708
7/29/14 23:00,20231
7/29/14 23:30,17264
7/30/14 0:00,13549
7/30/14 0:30,10142
7/30/14 1:00,7783
7/30/14 1:30,6011
7/30/14 2:00,4935
7/30/14 2:30,3668
7/30/14 3:00,3092
7/30/14 3:30,2577
7/30/14 4:00,2772
7/30/14 4:30,2637
7/30/14 5:00,2605
7/30/14 5:30,4449
7/30/14 6:00,6912
7/30/14 6:30,11909
7/30/14 7:00,14184
7/30/14 7:30,17246
7/30/14 8:00,18393
7/30/14 8:30,19797
7/30/14 9:00,19101
7/30/14 9:30,18889
7/30/14 10:00,16897
7/30/14 10:30,16922
7/30/14 11:00,16218
7/30/14 11:30,17511
7/30/14 12:00,17941
7/30/14 12:30,17203
7/30/14 13:00,16879
7/30/14 13:30,17733
7/30/14 14:00,17587
7/30/14 14:30,17564
7/30/14 15:00,17003
7/30/14 15:30,15725
7/30/14 16:00,13832
7/30/14 16:30,12826
7/30/14 17:00,15603
7/30/14 17:30,18935
7/30/14 18:00,21175
7/30/14 18:30,22980
7/30/14 19:00,24644
7/30/14 19:30,24938
7/30/14 20:00,24095
7/30/14 20:30,23952
7/30/14 21:00,24913
7/30/14 21:30,25138
7/30/14 22:00,24972
7/30/14 22:30,23605
7/30/14 23:00,22758
7/30/14 23:30,19560
7/31/14 0:00,15486
7/31/14 0:30,12362
7/31/14 1:00,9401
7/31/14 1:30,7131
7/31/14 2:00,5949
7/31/14 2:30,4722
7/31/14 3:00,3792
7/31/14 3:30,3266
7/31/14 4:00,3267
7/31/14 4:30,2605
7/31/14 5:00,2562
7/31/14 5:30,4595
7/31/14 6:00,7263
7/31/14 6:30,11825
7/31/14 7:00,13863
7/31/14 7:30,16898
7/31/14 8:00,18741
7/31/14 8:30,20117
7/31/14 9:00,19185
7/31/14 9:30,17821
7/31/14 10:00,16721
7/31/14 10:30,16869
7/31/14 11:00,16188
7/31/14 11:30,17325
7/31/14 12:00,17849
7/31/14 12:30,17746
7/31/14 13:00,17208
7/31/14 13:30,17848
7/31/14 14:00,18132
7/31/14 14:30,18019
7/31/14 15:00,17120
7/31/14 15:30,15410
7/31/14 16:00,13868
7/31/14 16:30,13146
7/31/14 17:00,15734
7/31/14 17:30,18139
7/31/14 18:00,20969
7/31/14 18:30,23287
7/31/14 19:00,24723
7/31/14 19:30,25186
7/31/14 20:00,24192
7/31/14 20:30,24605
7/31/14 21:00,25805
7/31/14 21:30,25969
7/31/14 22:00,25593
7/31/14 22:30,24695
7/31/14 23:00,24316
7/31/14 23:30,23050
8/1/14 0:00,20138
8/1/14 0:30,17252
8/1/14 1:00,14103
8/1/14 1:30,10859
8/1/14 2:00,9242
8/1/14 2:30,7122
8/1/14 3:00,5763
8/1/14 3:30,4912
8/1/14 4:00,4648
8/1/14 4:30,3673
8/1/14 5:00,3322
8/1/14 5:30,4968
8/1/14 6:00,7209
8/1/14 6:30,11113
8/1/14 7:00,13143
8/1/14 7:30,15932
8/1/14 8:00,17355
8/1/14 8:30,19462
8/1/14 9:00,18581
8/1/14 9:30,18123
8/1/14 10:00,16476
8/1/14 10:30,16964
8/1/14 11:00,16009
8/1/14 11:30,16890
8/1/14 12:00,17069
8/1/14 12:30,16779
8/1/14 13:00,16654
8/1/14 13:30,16580
8/1/14 14:00,17407
8/1/14 14:30,17037
8/1/14 15:00,16651
8/1/14 15:30,15324
8/1/14 16:00,12987
8/1/14 16:30,12845
8/1/14 17:00,15439
8/1/14 17:30,18280
8/1/14 18:00,20439
8/1/14 18:30,22588
8/1/14 19:00,24047
8/1/14 19:30,23745
8/1/14 20:00,22420
8/1/14 20:30,23260
8/1/14 21:00,23454
8/1/14 21:30,22822
8/1/14 22:00,23704
8/1/14 22:30,24940
8/1/14 23:00,25951
8/1/14 23:30,25479
8/2/14 0:00,25234
8/2/14 0:30,23378
8/2/14 1:00,22180
8/2/14 1:30,20497
8/2/14 2:00,18933
8/2/14 2:30,17041
8/2/14 3:00,14983
8/2/14 3:30,12488
8/2/14 4:00,10554
8/2/14 4:30,6425
8/2/14 5:00,4384
8/2/14 5:30,3611
8/2/14 6:00,3904
8/2/14 6:30,5204
8/2/14 7:00,5624
8/2/14 7:30,7264
8/2/14 8:00,7501
8/2/14 8:30,9344
8/2/14 9:00,10021
8/2/14 9:30,12227
8/2/14 10:00,12203
8/2/14 10:30,14669
8/2/14 11:00,14849
8/2/14 11:30,16363
8/2/14 12:00,16489
8/2/14 12:30,17237
8/2/14 13:00,17955
8/2/14 13:30,17713
8/2/14 14:00,17418
8/2/14 14:30,17679
8/2/14 15:00,18014
8/2/14 15:30,18031
8/2/14 16:00,17643
8/2/14 16:30,17167
8/2/14 17:00,18409
8/2/14 17:30,20034
8/2/14 18:00,21113
8/2/14 18:30,21487
8/2/14 19:00,22872
8/2/14 19:30,22995
8/2/14 20:00,20896
8/2/14 20:30,21411
8/2/14 21:00,21273
8/2/14 21:30,21628
8/2/14 22:00,21872
8/2/14 22:30,23457
8/2/14 23:00,24958
8/2/14 23:30,24984
8/3/14 0:00,24613
8/3/14 0:30,23468
8/3/14 1:00,22125
8/3/14 1:30,22220
8/3/14 2:00,20171
8/3/14 2:30,17690
8/3/14 3:00,14908
8/3/14 3:30,13465
8/3/14 4:00,11663
8/3/14 4:30,6997
8/3/14 5:00,4810
8/3/14 5:30,3650
8/3/14 6:00,3561
8/3/14 6:30,4060
8/3/14 7:00,4382
8/3/14 7:30,5741
8/3/14 8:00,6722
8/3/14 8:30,7857
8/3/14 9:00,8424
8/3/14 9:30,10636
8/3/14 10:00,11811
8/3/14 10:30,13776
8/3/14 11:00,14821
8/3/14 11:30,16169
8/3/14 12:00,16715
8/3/14 12:30,17652
8/3/14 13:00,17360
8/3/14 13:30,17167
8/3/14 14:00,18546
8/3/14 14:30,17882
8/3/14 15:00,17268
8/3/14 15:30,17322
8/3/14 16:00,16500
8/3/14 16:30,16446
8/3/14 17:00,17317
8/3/14 17:30,18472
8/3/14 18:00,19503
8/3/14 18:30,19622
8/3/14 19:00,18900
8/3/14 19:30,17188
8/3/14 20:00,16880
8/3/14 20:30,17035
8/3/14 21:00,16790
8/3/14 21:30,17007
8/3/14 22:00,15893
8/3/14 22:30,14672
8/3/14 23:00,12667
8/3/14 23:30,10905
8/4/14 0:00,8882
8/4/14 0:30,6896
8/4/14 1:00,5417
8/4/14 1:30,4245
8/4/14 2:00,3478
8/4/14 2:30,2525
8/4/14 3:00,2288
8/4/14 3:30,2114
8/4/14 4:00,2212
8/4/14 4:30,2303
8/4/14 5:00,2482
8/4/14 5:30,4420
8/4/14 6:00,6426
8/4/14 6:30,10775
8/4/14 7:00,12795
8/4/14 7:30,15762
8/4/14 8:00,17271
8/4/14 8:30,18418
8/4/14 9:00,18214
8/4/14 9:30,17223
8/4/14 10:00,15029
8/4/14 10:30,15614
8/4/14 11:00,15026
8/4/14 11:30,16170
8/4/14 12:00,16111
8/4/14 12:30,16049
8/4/14 13:00,16084
8/4/14 13:30,16640
8/4/14 14:00,16634
8/4/14 14:30,17210
8/4/14 15:00,16546
8/4/14 15:30,16798
8/4/14 16:00,15124
8/4/14 16:30,14870
8/4/14 17:00,16956
8/4/14 17:30,18613
8/4/14 18:00,21126
8/4/14 18:30,22510
8/4/14 19:00,22568
8/4/14 19:30,21668
8/4/14 20:00,21659
8/4/14 20:30,21278
8/4/14 21:00,21346
8/4/14 21:30,20247
8/4/14 22:00,19945
8/4/14 22:30,17601
8/4/14 23:00,15750
8/4/14 23:30,12897
8/5/14 0:00,10385
8/5/14 0:30,8125
8/5/14 1:00,6294
8/5/14 1:30,4485
8/5/14 2:00,3669
8/5/14 2:30,3097
8/5/14 3:00,2484
8/5/14 3:30,2011
8/5/14 4:00,2175
8/5/14 4:30,2108
8/5/14 5:00,2252
8/5/14 5:30,4131
8/5/14 6:00,6599
8/5/14 6:30,11040
8/5/14 7:00,13290
8/5/14 7:30,16754
8/5/14 8:00,18504
8/5/14 8:30,19897
8/5/14 9:00,19208
8/5/14 9:30,18253
8/5/14 10:00,16976
8/5/14 10:30,16888
8/5/14 11:00,16080
8/5/14 11:30,17328
8/5/14 12:00,17901
8/5/14 12:30,18121
8/5/14 13:00,17478
8/5/14 13:30,18616
8/5/14 14:00,18576
8/5/14 14:30,18465
8/5/14 15:00,17373
8/5/14 15:30,16457
8/5/14 16:00,14626
8/5/14 16:30,13466
8/5/14 17:00,16213
8/5/14 17:30,18715
8/5/14 18:00,21356
8/5/14 18:30,22899
8/5/14 19:00,23782
8/5/14 19:30,22778
8/5/14 20:00,22401
8/5/14 20:30,22986
8/5/14 21:00,23340
8/5/14 21:30,24046
8/5/14 22:00,22726
8/5/14 22:30,20819
8/5/14 23:00,19149
8/5/14 23:30,16406
8/6/14 0:00,13399
8/6/14 0:30,10273
8/6/14 1:00,7723
8/6/14 1:30,5860
8/6/14 2:00,4664
8/6/14 2:30,3875
8/6/14 3:00,3057
8/6/14 3:30,2675
8/6/14 4:00,2803
8/6/14 4:30,2364
8/6/14 5:00,2602
8/6/14 5:30,4488
8/6/14 6:00,6944
8/6/14 6:30,11761
8/6/14 7:00,14631
8/6/14 7:30,17455
8/6/14 8:00,19107
8/6/14 8:30,19737
8/6/14 9:00,18707
8/6/14 9:30,18466
8/6/14 10:00,16630
8/6/14 10:30,17291
8/6/14 11:00,15977
8/6/14 11:30,17643
8/6/14 12:00,17959
8/6/14 12:30,17652
8/6/14 13:00,17197
8/6/14 13:30,17949
8/6/14 14:00,17918
8/6/14 14:30,17534
8/6/14 15:00,17350
8/6/14 15:30,16327
8/6/14 16:00,14582
8/6/14 16:30,13374
8/6/14 17:00,16090
8/6/14 17:30,18989
8/6/14 18:00,21429
8/6/14 18:30,23892
8/6/14 19:00,24481
8/6/14 19:30,24197
8/6/14 20:00,23556
8/6/14 20:30,23555
8/6/14 21:00,24355
8/6/14 21:30,24699
8/6/14 22:00,23955
8/6/14 22:30,22754
8/6/14 23:00,21450
8/6/14 23:30,18427
8/7/14 0:00,15411
8/7/14 0:30,11851
8/7/14 1:00,9317
8/7/14 1:30,6973
8/7/14 2:00,5807
8/7/14 2:30,4812
8/7/14 3:00,3738
8/7/14 3:30,3108
8/7/14 4:00,3199
8/7/14 4:30,2642
8/7/14 5:00,2704
8/7/14 5:30,4812
8/7/14 6:00,6873
8/7/14 6:30,11765
8/7/14 7:00,13641
8/7/14 7:30,17052
8/7/14 8:00,18252
8/7/14 8:30,19400
8/7/14 9:00,18455
8/7/14 9:30,18277
8/7/14 10:00,16719
8/7/14 10:30,16764
8/7/14 11:00,16636
8/7/14 11:30,18205
8/7/14 12:00,18034
8/7/14 12:30,17700
8/7/14 13:00,16970
8/7/14 13:30,17983
8/7/14 14:00,18230
8/7/14 14:30,18073
8/7/14 15:00,17471
8/7/14 15:30,15872
8/7/14 16:00,13784
8/7/14 16:30,13341
8/7/14 17:00,15857
8/7/14 17:30,18396
8/7/14 18:00,21500
8/7/14 18:30,23368
8/7/14 19:00,24977
8/7/14 19:30,24747
8/7/14 20:00,23895
8/7/14 20:30,24153
8/7/14 21:00,24778
8/7/14 21:30,24533
8/7/14 22:00,24478
8/7/14 22:30,24253
8/7/14 23:00,23299
8/7/14 23:30,22155
8/8/14 0:00,19329
8/8/14 0:30,15933
8/8/14 1:00,13410
8/8/14 1:30,10614
8/8/14 2:00,8934
8/8/14 2:30,7079
8/8/14 3:00,5803
8/8/14 3:30,4992
8/8/14 4:00,4555
8/8/14 4:30,3601
8/8/14 5:00,3643
8/8/14 5:30,4924
8/8/14 6:00,6649
8/8/14 6:30,10748
8/8/14 7:00,12731
8/8/14 7:30,15178
8/8/14 8:00,16731
8/8/14 8:30,18521
8/8/14 9:00,17924
8/8/14 9:30,17129
8/8/14 10:00,15820
8/8/14 10:30,16405
8/8/14 11:00,15710
8/8/14 11:30,16406
8/8/14 12:00,17040
8/8/14 12:30,16998
8/8/14 13:00,16524
8/8/14 13:30,17157
8/8/14 14:00,17341
8/8/14 14:30,17716
8/8/14 15:00,17135
8/8/14 15:30,15591
8/8/14 16:00,13942
8/8/14 16:30,13215
8/8/14 17:00,16320
8/8/14 17:30,19539
8/8/14 18:00,21553
8/8/14 18:30,23100
8/8/14 19:00,24705
8/8/14 19:30,23913
8/8/14 20:00,22283
8/8/14 20:30,22808
8/8/14 21:00,22239
8/8/14 21:30,21989
8/8/14 22:00,22689
8/8/14 22:30,23756
8/8/14 23:00,24182
8/8/14 23:30,24184
8/9/14 0:00,23849
8/9/14 0:30,22495
8/9/14 1:00,20367
8/9/14 1:30,18368
8/9/14 2:00,17499
8/9/14 2:30,15607
8/9/14 3:00,13502
8/9/14 3:30,11670
8/9/14 4:00,9956
8/9/14 4:30,5950
8/9/14 5:00,4023
8/9/14 5:30,3499
8/9/14 6:00,3663
8/9/14 6:30,4608
8/9/14 7:00,5226
8/9/14 7:30,6154
8/9/14 8:00,7082
8/9/14 8:30,8917
8/9/14 9:00,9965
8/9/14 9:30,12488
8/9/14 10:00,12845
8/9/14 10:30,14960
8/9/14 11:00,15195
8/9/14 11:30,16331
8/9/14 12:00,16385
8/9/14 12:30,16704
8/9/14 13:00,17450
8/9/14 13:30,17458
8/9/14 14:00,16849
8/9/14 14:30,16880
8/9/14 15:00,16951
8/9/14 15:30,16926
8/9/14 16:00,16376
8/9/14 16:30,16454
8/9/14 17:00,17768
8/9/14 17:30,19335
8/9/14 18:00,20035
8/9/14 18:30,21023
8/9/14 19:00,21977
8/9/14 19:30,20987
8/9/14 20:00,19159
8/9/14 20:30,19801
8/9/14 21:00,20361
8/9/14 21:30,20651
8/9/14 22:00,20833
8/9/14 22:30,22467
8/9/14 23:00,23285
8/9/14 23:30,23652
8/10/14 0:00,23701
8/10/14 0:30,21532
8/10/14 1:00,20557
8/10/14 1:30,18415
8/10/14 2:00,17813
8/10/14 2:30,16223
8/10/14 3:00,13777
8/10/14 3:30,11818
8/10/14 4:00,10499
8/10/14 4:30,6180
8/10/14 5:00,4096
8/10/14 5:30,3476
8/10/14 6:00,3259
8/10/14 6:30,3468
8/10/14 7:00,3690
8/10/14 7:30,5047
8/10/14 8:00,5503
8/10/14 8:30,6667
8/10/14 9:00,8014
8/10/14 9:30,10532
8/10/14 10:00,11486
8/10/14 10:30,13733
8/10/14 11:00,14525
8/10/14 11:30,15314
8/10/14 12:00,16013
8/10/14 12:30,16268
8/10/14 13:00,16610
8/10/14 13:30,16496
8/10/14 14:00,16885
8/10/14 14:30,16396
8/10/14 15:00,15796
8/10/14 15:30,15545
8/10/14 16:00,15642
8/10/14 16:30,15531
8/10/14 17:00,16410
8/10/14 17:30,17684
8/10/14 18:00,17992
8/10/14 18:30,18285
8/10/14 19:00,17697
8/10/14 19:30,16452
8/10/14 20:00,16195
8/10/14 20:30,16545
8/10/14 21:00,15989
8/10/14 21:30,15763
8/10/14 22:00,14767
8/10/14 22:30,14157
8/10/14 23:00,12939
8/10/14 23:30,11801
8/11/14 0:00,9595
8/11/14 0:30,7267
8/11/14 1:00,5616
8/11/14 1:30,4253
8/11/14 2:00,3261
8/11/14 2:30,2770
8/11/14 3:00,2240
8/11/14 3:30,2084
8/11/14 4:00,2407
8/11/14 4:30,2262
8/11/14 5:00,2728
8/11/14 5:30,4273
8/11/14 6:00,6194
8/11/14 6:30,10158
8/11/14 7:00,12697
8/11/14 7:30,14281
8/11/14 8:00,16009
8/11/14 8:30,17659
8/11/14 9:00,17250
8/11/14 9:30,16687
8/11/14 10:00,14465
8/11/14 10:30,14373
8/11/14 11:00,14599
8/11/14 11:30,15212
8/11/14 12:00,16026
8/11/14 12:30,15526
8/11/14 13:00,15672
8/11/14 13:30,16419
8/11/14 14:00,16083
8/11/14 14:30,16352
8/11/14 15:00,16535